{"chamber_loss": [0.1694502630471385, 0.12216071927665156, 0.10276506923547901, 0.09156596650294828, 0.08375276704069634, 0.07782929204874296, 0.07312646380176452, 0.06925381062909014, 0.06598808593709743, 0.06320136148230181, 0.06080362691043614, 0.05871966813028473, 0.056889799398178814, 0.05527256874925915, 0.05384129636893481, 0.05257759178994209, 0.05146555943311475, 0.05048841814686672, 0.04962787888628959, 0.04886539094291554, 0.048183815567269396, 0.04756855230733064, 0.04700788816283377, 0.0464927461329647, 0.04601612695100312, 0.0455725438247348, 0.04515765123732025, 0.044768078386110265, 0.04440134185596628, 0.04405572516515643, 0.0437300943621663, 0.04342367854085264, 0.043135867756678874, 0.042866059052628226, 0.04261352799817397, 0.04237728625433212, 0.042155939491018535, 0.04194765076049508, 0.041750378330857076, 0.041562420312797665, 0.041382799725603714, 0.04121078232161509, 0.0410452682819255, 0.04088594497364336, 0.040730993472725054, 0.040571297293694665, 0.0404453003445615, 0.040300851704824524, 0.0395710713037722, 0.04333529070777497, 0.0426199928043651, 0.04225490235081245, 0.04218409558568135, 0.04186936513850018, 0.041759165652059366, 0.04093335966060388, 0.040763777991015764, 0.03798830844092995, 0.0384358391264648, 0.03786308874930087, 0.03864004036378511, 0.03741692270257347, 0.03790411586997439, 0.03743193357826008, 0.037684695642967204, 0.038084810104045096, 0.03725716656101351, 0.03873797924424415, 0.037779052352683376, 0.03754238540572874, 0.03673451889894248, 0.04009180028040294, 0.04064091759277281, 0.040109164364593615, 0.04053007257894369, 0.039973205866326016, 0.040280710760493936, 0.0398450786805256, 0.04001184891155258, 0.03974504274470702, 0.039857296732838075, 0.039679053939298006, 0.039754220901535464, 0.04017917404971328, 0.04677646110716783, 0.04612041360316554, 0.04618400414043791, 0.061625445697601776, 0.05178084273458014, 0.042959485458775364, 0.04125971697616523, 0.04080783233844554, 0.04023779891314153, 0.03968254765422997, 0.03888072099515461, 0.037516273112004804, 0.036777071840152144, 0.035985346356095516, 0.04768189732756837, 0.04461045834871571], "cascade_loss": [], "observer_loss": [2.0, 2.0, 2.0, 1.9333333333333333, 1.8, 1.5333333333333334, 1.5333333333333334, 1.4, 1.2666666666666666, 1.2666666666666666, 1.0, 0.8, 0.8, 0.8, 0.8, 0.6, 0.4666666666666667, 0.6, 0.4666666666666667, 0.4, 0.4, 0.3333333333333333, 0.26666666666666666, 0.2, 0.2, 0.2, 0.2, 0.2, 0.2, 0.26666666666666666, 0.06666666666666667, 0.06666666666666667, 0.06666666666666667, 0.06666666666666667, 0.06666666666666667, 0.0, 0.0, 0.0, 0.0, 0.06666666666666667, 0.06666666666666667, 0.0, 0.0, 0.0, 0.0, 0.0, 0.0, 0.0, 0.0, 0.0, 0.0, 0.0, 0.13333333333333333, 0.0, 0.0, 0.0, 0.0, 0.0, 0.0, 0.0, 0.06666666666666667, 0.13333333333333333, 0.0, 0.0, 0.0, 0.0, 0.0, 0.0, 0.0, 0.0, 0.0, 0.0, 0.0, 0.0, 0.06666666666666667, 0.0, 0.06666666666666667, 0.0, 0.0, 0.0, 0.0, 0.0, 0.0, 0.0, 0.0, 0.06666666666666667, 0.13333333333333333, 0.0, 0.0, 0.0, 0.0, 0.0, 0.0, 0.0, 0.06666666666666667, 0.0, 0.0, 0.0, 0.0, 0.06666666666666667], "total_loss": [2.1694502630471386, 2.1221607192766516, 2.102765069235479, 2.0248992998362816, 1.8837527670406964, 1.6111626253820763, 1.606459797135098, 1.46925381062909, 1.332654752603764, 1.3298680281489683, 1.0608036269104362, 0.8587196681302848, 0.8568897993981789, 0.8552725687492592, 0.8538412963689348, 0.6525775917899421, 0.5181322260997814, 0.6504884181468666, 0.5162945455529563, 0.44886539094291555, 0.44818381556726944, 0.38090188564066396, 0.31367455482950046, 0.2464927461329647, 0.24601612695100314, 0.2455725438247348, 0.24515765123732025, 0.24476807838611028, 0.2444013418559663, 0.3107223918318231, 0.11039676102883297, 0.11009034520751931, 0.10980253442334553, 0.1095327257192949, 0.10928019466484064, 0.04237728625433212, 0.042155939491018535, 0.04194765076049508, 0.041750378330857076, 0.10822908697946433, 0.10804946639227038, 0.04121078232161509, 0.0410452682819255, 0.04088594497364336, 0.040730993472725054, 0.040571297293694665, 0.0404453003445615, 0.040300851704824524, 0.0395710713037722, 0.04333529070777497, 0.0426199928043651, 0.04225490235081245, 0.17551742891901467, 0.04186936513850018, 0.041759165652059366, 0.04093335966060388, 0.040763777991015764, 0.03798830844092995, 0.0384358391264648, 0.03786308874930087, 0.10530670703045178, 0.1707502560359068, 0.03790411586997439, 0.03743193357826008, 0.037684695642967204, 0.038084810104045096, 0.03725716656101351, 0.03873797924424415, 0.037779052352683376, 0.03754238540572874, 0.03673451889894248, 0.04009180028040294, 0.04064091759277281, 0.040109164364593615, 0.10719673924561035, 0.039973205866326016, 0.1069473774271606, 0.0398450786805256, 0.04001184891155258, 0.03974504274470702, 0.039857296732838075, 0.039679053939298006, 0.039754220901535464, 0.04017917404971328, 0.04677646110716783, 0.1127870802698322, 0.17951733747377124, 0.061625445697601776, 0.05178084273458014, 0.042959485458775364, 0.04125971697616523, 0.04080783233844554, 0.04023779891314153, 0.03968254765422997, 0.10554738766182128, 0.037516273112004804, 0.036777071840152144, 0.035985346356095516, 0.04768189732756837, 0.11127712501538237]}